,Accuracy,Precision,Recall,F1-Score,ROC-AUC,Log Loss,MAE,MSE,RMSE,R² Score
Naive Bayes,0.7702539298669892,0.8013056216677964,0.7702539298669892,0.7803802398744224,0.9262811924053865,1.1461823314881456,27.960447112466746,1286.2126688860524,35.863807227984765,-1.5339223259017287
KNN,0.8597339782345829,0.8530963291370348,0.8597339782345829,0.852601449293116,0.9570055649560268,1.0001191761756516,28.12126936155985,1300.6873822310702,36.065043771373276,-1.5624384493960912
SVM,0.9250302297460702,0.9243042707749498,0.9250302297460702,0.9238278059589199,0.9878244222727283,0.21357746987377693,28.087412045961305,1297.6165390573121,36.022444934475395,-1.556388689301544
Random Forest,0.9504232164449818,0.9510838667307834,0.9504232164449818,0.950199851172099,0.9946048323096667,0.20651379626680563,28.074110957690444,1297.7351671823085,36.02409148309376,-1.5566223943968827
